{
  "time_varying_mean": [
    0.6067495, 0.38595435, 0.52934134, 1.4936862, 35.203323, 82.96151,
    13.096709, 17.242794, 0.49613363, -1.8338743, 6.7257857, 16.017895,
    11.371841, 15.408923, 86.81769
  ],
  "time_varying_std": [
    0.09640191, 0.10532112, 0.15384, 0.86513686, 22.143917, 19.115372, 8.146439,
    10.126435, 0.29491186, 18.13477, 6.241895, 8.445355, 7.2484527, 15.221833,
    49.706356
  ],
  "static_mean": [61.148, 10.816, 278.548, 67.199, 0.112, 0.012, 0.002],
  "static_std": [11.702, 5.311, 211.666, 61.65, 0.077, 0.021, 0.012],
  "yield_mean": 7.287608,
  "yield_std": 1.17104
}
