{
  "time_varying_mean": [
    0.6067495, 0.38595435, 0.52934134, 1.4936862, 35.203323, 82.96151,
    13.096709, 17.242794, 0.49613363, -1.8338743, 6.7257857, 16.017895,
    11.371841, 15.408923, 86.81769
  ],
  "time_varying_std": [
    0.09640191, 0.10532112, 0.15384, 0.86513686, 22.143917, 19.115372, 8.146439,
    10.126435, 0.29491186, 18.13477, 6.241895, 8.445355, 7.2484527, 15.221833,
    49.706356
  ],
  "static_mean": [
    59.92416478, 9.76926207, 263.2293628, 5.22738565, 46.1269569, 1.90451093
  ],
  "static_std": [
    11.38471186, 4.75732769, 185.52443238, 2.3267433, 31.0136723, 0.8120761
  ],
  "yield_mean": 7.287608,
  "yield_std": 1.17104
}
